use gda_test_full;

insert into objectfactory(name)
values('TestFactory');
insert into panel_configure(name)
values('Configure');
insert into panel_status(name)
values('Status');
insert into panel_graph(name)
values('Graph');
insert into panel_environment(name)
values('Environment');
insert into panel_oemove(name)
values('OEMove');
insert into panel_exafs(name)
values('Exafs');
insert into panel_editor(name,jythonTerminalName)
values('Editor','Terminal');
insert into panel_terminal(name)
values('Terminal');

insert into current_config_gui(class_name,table_name)
values ('dl.ncd.ConfigurePanel','panel_configure');
insert into current_config_gui(class_name,table_name)
values ('dl.ncd.StatusPanel','panel_status');
insert into current_config_gui(class_name,table_name)
values ('dl.ncd.EnvironmentPanel','panel_environment');
insert into current_config_gui(class_name,table_name)
values ('dl.ncd.GraphPanel','panel_graph');
insert into current_config_gui(class_name,table_name)
values ('dl.oe.oemove.OEMovePanel','panel_oemove');
insert into current_config_gui(class_name,table_name)
values ('dl.gui.exafs.ExafsPanel','panel_exafs');
insert into current_config_gui(class_name,table_name)
values ('dl.jython.JythonEditor','panel_editor');
insert into current_config_gui(class_name,table_name)
values ('dl.jython.JythonTerminal','panel_terminal');

insert into motor_dummy(name,backlashSteps,sleepTime,nonContinuousIncrements,fastSpeed,mediumSpeed,slowSpeed)
   values('test01Motor',2,1000,10,50,25,5);

insert into motor_dummy(name,backlashSteps,sleepTime,nonContinuousIncrements,fastSpeed,mediumSpeed,slowSpeed)
   values('test02Motor',2,1000,10,50,25,5);

insert into motor_dummy(name,backlashSteps,sleepTime,nonContinuousIncrements,fastSpeed,mediumSpeed,slowSpeed)
   values('test03Motor',2,1000,10,50,25,5);

insert into motor_dummy(name,backlashSteps,sleepTime,nonContinuousIncrements,fastSpeed,mediumSpeed,slowSpeed)
   values('test04Motor',2,1000,10,50,25,5);

insert into motor_dummy(name,backlashSteps,sleepTime,nonContinuousIncrements,fastSpeed,mediumSpeed,slowSpeed)
   values('test05Motor',2,1000,10,50,25,5);

insert into motor_dummy(name,backlashSteps,sleepTime,nonContinuousIncrements,fastSpeed,mediumSpeed,slowSpeed)
   values('test06Motor',2,1000,10,50,25,5);

insert into motor_dummy(name,backlashSteps,sleepTime,nonContinuousIncrements,fastSpeed,mediumSpeed,slowSpeed)
   values('test07Motor',2,1000,10,50,25,5);

insert into motor_dummy(name,backlashSteps,sleepTime,nonContinuousIncrements,fastSpeed,mediumSpeed,slowSpeed)
   values('test08Motor',2,1000,10,50,25,5);

insert into motor_dummy(name,backlashSteps,sleepTime,nonContinuousIncrements,fastSpeed,mediumSpeed,slowSpeed)
   values('test09Motor',2,1000,10,50,25,5);

insert into motor_dummy(name,backlashSteps,sleepTime,nonContinuousIncrements,fastSpeed,mediumSpeed,slowSpeed)
   values('test10Motor',2,1000,10,50,25,5);

insert into motor_dummy(name,backlashSteps,sleepTime,nonContinuousIncrements,fastSpeed,mediumSpeed,slowSpeed)
   values('test11Motor',2,1000,10,50,25,5);

insert into motor_dummy(name,backlashSteps,sleepTime,nonContinuousIncrements,fastSpeed,mediumSpeed,slowSpeed)
   values('test12Motor',2,1000,10,50,25,5);

insert into motor_dummy(name,backlashSteps,sleepTime,nonContinuousIncrements,fastSpeed,mediumSpeed,slowSpeed)
   values('test13Motor',2,1000,10,50,25,5);

insert into motor_dummy(name,backlashSteps,sleepTime,nonContinuousIncrements,fastSpeed,mediumSpeed,slowSpeed)
   values('test14Motor',2,1000,10,50,25,5);

insert into motor_dummy(name,backlashSteps,sleepTime,nonContinuousIncrements,fastSpeed,mediumSpeed,slowSpeed)
   values('test15Motor',2,1000,10,50,25,5);

insert into motor_dummy(name,backlashSteps,sleepTime,nonContinuousIncrements,fastSpeed,mediumSpeed,slowSpeed)
   values('test16Motor',2,1000,10,50,25,5);

insert into motor_dummy(name,backlashSteps,sleepTime,nonContinuousIncrements,fastSpeed,mediumSpeed,slowSpeed)
   values('test17Motor',2,1000,10,50,25,5);

insert into motor_dummy(name,backlashSteps,sleepTime,nonContinuousIncrements,fastSpeed,mediumSpeed,slowSpeed)
   values('test18Motor',2,1000,10,50,25,5);

insert into motor_dummy(name,backlashSteps,sleepTime,nonContinuousIncrements,fastSpeed,mediumSpeed,slowSpeed)
   values('test19Motor',2,1000,10,50,25,5);

insert into motor_dummy(name,backlashSteps,sleepTime,nonContinuousIncrements,fastSpeed,mediumSpeed,slowSpeed)
   values('test20Motor',2,1000,10,50,25,5);

insert into motor_dummy(name,backlashSteps,sleepTime,nonContinuousIncrements,fastSpeed,mediumSpeed,slowSpeed)
   values('test21Motor',2,1000,10,50,25,5);

insert into motor_dummy(name,backlashSteps,sleepTime,nonContinuousIncrements,fastSpeed,mediumSpeed,slowSpeed)
   values('test22Motor',2,1000,10,50,25,5);

insert into motor_dummy(name,backlashSteps,sleepTime,nonContinuousIncrements,fastSpeed,mediumSpeed,slowSpeed)
   values('test23Motor',2,1000,10,50,25,5);

insert into motor_dummy(name,backlashSteps,sleepTime,nonContinuousIncrements,fastSpeed,mediumSpeed,slowSpeed)
   values('test24Motor',2,1000,10,50,25,5);

insert into motor_dummy(name,backlashSteps,sleepTime,nonContinuousIncrements,fastSpeed,mediumSpeed,slowSpeed)
   values('test25Motor',2,1000,10,50,25,5);

insert into motor_dummy(name,backlashSteps,sleepTime,nonContinuousIncrements,fastSpeed,mediumSpeed,slowSpeed)
   values('test26Motor',2,1000,10,50,25,5);

insert into motor_dummy(name,backlashSteps,sleepTime,nonContinuousIncrements,fastSpeed,mediumSpeed,slowSpeed)
   values('test27Motor',2,1000,10,50,25,5);

insert into motor_dummy(name,backlashSteps,sleepTime,nonContinuousIncrements,fastSpeed,mediumSpeed,slowSpeed)
   values('test28Motor',2,1000,10,50,25,5);

insert into motor_dummy(name,backlashSteps,sleepTime,nonContinuousIncrements,fastSpeed,mediumSpeed,slowSpeed)
   values('test29Motor',2,1000,10,50,25,5);

insert into motor_dummy(name,backlashSteps,sleepTime,nonContinuousIncrements,fastSpeed,mediumSpeed,slowSpeed)
   values('test30Motor',2,1000,10,50,25,5);

insert into motor_dummy(name,backlashSteps,sleepTime,nonContinuousIncrements,fastSpeed,mediumSpeed,slowSpeed)
   values('test31Motor',2,1000,10,50,25,5);

insert into motor_dummy(name,backlashSteps,sleepTime,nonContinuousIncrements,fastSpeed,mediumSpeed,slowSpeed)
   values('test32Motor',2,1000,10,50,25,5);

insert into motor_dummy(name,backlashSteps,sleepTime,nonContinuousIncrements,fastSpeed,mediumSpeed,slowSpeed)
   values('test33Motor',2,1000,10,50,25,5);

insert into motor_dummy(name,backlashSteps,sleepTime,nonContinuousIncrements,fastSpeed,mediumSpeed,slowSpeed)
   values('test34Motor',2,1000,10,50,25,5);

insert into motor_dummy(name,backlashSteps,sleepTime,nonContinuousIncrements,fastSpeed,mediumSpeed,slowSpeed)
   values('test35Motor',2,1000,10,50,25,5);

insert into motor_dummy(name,backlashSteps,sleepTime,nonContinuousIncrements,fastSpeed,mediumSpeed,slowSpeed)
   values('test36Motor',2,1000,10,50,25,5);

insert into motor_dummy(name,backlashSteps,sleepTime,nonContinuousIncrements,fastSpeed,mediumSpeed,slowSpeed)
   values('test37Motor',2,1000,10,50,25,5);

insert into motor_dummy(name,backlashSteps,sleepTime,nonContinuousIncrements,fastSpeed,mediumSpeed,slowSpeed)
   values('test38Motor',2,1000,10,50,25,5);

insert into motor_dummy(name,backlashSteps,sleepTime,nonContinuousIncrements,fastSpeed,mediumSpeed,slowSpeed)
   values('test39Motor',2,1000,10,50,25,5);

insert into motor_dummy(name,backlashSteps,sleepTime,nonContinuousIncrements,fastSpeed,mediumSpeed,slowSpeed)
   values('test40Motor',2,1000,10,50,25,5);

insert into motor_dummy(name,backlashSteps,sleepTime,nonContinuousIncrements,fastSpeed,mediumSpeed,slowSpeed)
   values('test41Motor',2,1000,10,50,25,5);

insert into motor_dummy(name,backlashSteps,sleepTime,nonContinuousIncrements,fastSpeed,mediumSpeed,slowSpeed)
   values('test42Motor',2,1000,10,50,25,5);

insert into motor_dummy(name,backlashSteps,sleepTime,nonContinuousIncrements,fastSpeed,mediumSpeed,slowSpeed)
   values('test43Motor',2,1000,10,50,25,5);

insert into motor_dummy(name,backlashSteps,sleepTime,nonContinuousIncrements,fastSpeed,mediumSpeed,slowSpeed)
   values('test44Motor',2,1000,10,50,25,5);

insert into motor_dummy(name,backlashSteps,sleepTime,nonContinuousIncrements,fastSpeed,mediumSpeed,slowSpeed)
   values('test45Motor',2,1000,10,50,25,5);

insert into motor_dummy(name,backlashSteps,sleepTime,nonContinuousIncrements,fastSpeed,mediumSpeed,slowSpeed)
   values('test46Motor',2,1000,10,50,25,5);

insert into motor_dummy(name,backlashSteps,sleepTime,nonContinuousIncrements,fastSpeed,mediumSpeed,slowSpeed)
   values('test47Motor',2,1000,10,50,25,5);

insert into motor_dummy(name,backlashSteps,sleepTime,nonContinuousIncrements,fastSpeed,mediumSpeed,slowSpeed)
   values('test48Motor',2,1000,10,50,25,5);

insert into motor_dummy(name,backlashSteps,sleepTime,nonContinuousIncrements,fastSpeed,mediumSpeed,slowSpeed)
   values('test49Motor',2,1000,10,50,25,5);

insert into motor_dummy(name,backlashSteps,sleepTime,nonContinuousIncrements,fastSpeed,mediumSpeed,slowSpeed)
   values('test50Motor',2,1000,10,50,25,5);

insert into motor_dummy(name,backlashSteps,sleepTime,nonContinuousIncrements,fastSpeed,mediumSpeed,slowSpeed)
   values('test51Motor',2,1000,10,50,25,5);

insert into motor_dummy(name,backlashSteps,sleepTime,nonContinuousIncrements,fastSpeed,mediumSpeed,slowSpeed)
   values('test52Motor',2,1000,10,50,25,5);

insert into motor_dummy(name,backlashSteps,sleepTime,nonContinuousIncrements,fastSpeed,mediumSpeed,slowSpeed)
   values('test53Motor',2,1000,10,50,25,5);

insert into motor_dummy(name,backlashSteps,sleepTime,nonContinuousIncrements,fastSpeed,mediumSpeed,slowSpeed)
   values('test54Motor',2,1000,10,50,25,5);

insert into motor_dummy(name,backlashSteps,sleepTime,nonContinuousIncrements,fastSpeed,mediumSpeed,slowSpeed)
   values('test55Motor',2,1000,10,50,25,5);

insert into motor_dummy(name,backlashSteps,sleepTime,nonContinuousIncrements,fastSpeed,mediumSpeed,slowSpeed)
   values('testChiMotor',2,1000,10,50,25,5);

insert into motor_dummy(name,backlashSteps,sleepTime,nonContinuousIncrements,fastSpeed,mediumSpeed,slowSpeed)
   values('testPhiMotor',2,1000,10,50,25,5);

insert into motor_dummy(name,backlashSteps,sleepTime,nonContinuousIncrements,fastSpeed,mediumSpeed,slowSpeed)
   values('testOmeMotor',2,1000,10,50,25,5);

insert into motor_epics(name,fastSpeed,mediumSpeed,slowSpeed)
   values('TSXXX-MO-HSLIT-01:NEGB:MOT',50,25,5);

insert into motor_epics(name,fastSpeed,mediumSpeed,slowSpeed)
   values('TSXXX-MO-HSLIT-01:POSB:MOT',50,25,5);

insert into motor_epics(name,fastSpeed,mediumSpeed,slowSpeed)
   values('TSXXX-MO-VSLIT-01:NEGB:MOT',50,25,5);

insert into motor_epics(name,fastSpeed,mediumSpeed,slowSpeed)
   values('TSXXX-MO-VSLIT-01:POSB:MOT',50,25,5);

#epics slits
insert into generic_oe(name) values('EpicsSlit');
insert into positioner_linear(name,motorName,stepsPerUnit,softLimitLow,softLimitHigh,pollTime)
   values('p6','TSXXX-MO-HSLIT-01:NEGB:MOT',10,-10000,10000,100);
insert into positioner_linear(name,motorName,stepsPerUnit,softLimitLow,softLimitHigh,pollTime)
   values('p7','TSXXX-MO-HSLIT-01:POSB:MOT',10,-10000,10000,100);
insert into positioner_linear(name,motorName,stepsPerUnit,softLimitLow,softLimitHigh,pollTime)
   values('p8','TSXXX-MO-VSLIT-01:NEGB:MOT',10,-10000,10000,100);
insert into positioner_linear(name,motorName,stepsPerUnit,softLimitLow,softLimitHigh,pollTime)
   values('p9','TSXXX-MO-VSLIT-01:POSB:MOT',10,-10000,10000,100);
insert into dof_singleaxislinear(name,protectionLevel,reportingUnit)
   values('JawLeft',0,'mm');
insert into dof_singleaxislinear(name,protectionLevel,reportingUnit)
   values('JawRight',0,'mm');
insert into dof_singleaxislinear(name,protectionLevel,reportingUnit)
   values('JawUpper',0,'mm');
insert into dof_singleaxislinear(name,protectionLevel,reportingUnit)
   values('JawLower',0,'mm');
insert into dof_doubleaxisgapwidth(name,protectionLevel,reportingUnit)
   values('HorizGapWidth',0,'mm');
insert into dof_doubleaxisgapwidth(name,protectionLevel,reportingUnit)
   values('VertGapWidth',0,'mm');
insert into dof_doubleaxisgapposition(name,protectionLevel,reportingUnit)
   values('HorizGapPosition',0,'mm');
insert into dof_doubleaxisgapposition(name,protectionLevel,reportingUnit)
   values('VertGapPosition',0,'mm');
insert into dofname(owner,string)values('EpicsSlit','JawLeft');
insert into dofname(owner,string)values('EpicsSlit','JawRight');
insert into dofname(owner,string)values('EpicsSlit','JawUpper');
insert into dofname(owner,string)values('EpicsSlit','JawLower');
insert into dofname(owner,string)values('EpicsSlit','HorizGapWidth');
insert into dofname(owner,string)values('EpicsSlit','VertGapWidth');
insert into dofname(owner,string)values('EpicsSlit','HorizGapPosition');
insert into dofname(owner,string)values('EpicsSlit','VertGapPosition');
insert into moveablename(owner,string)values('EpicsSlit','p6');
insert into moveablename(owner,string)values('EpicsSlit','p7');
insert into moveablename(owner,string)values('EpicsSlit','p8');
insert into moveablename(owner,string)values('EpicsSlit','p9');
insert into moveablename(owner,string)values('JawLeft','p6');
insert into moveablename(owner,string)values('JawRight','p7');
insert into moveablename(owner,string)values('JawUpper','p8');
insert into moveablename(owner,string)values('JawLower','p9');
insert into moveablename(owner,string)values('HorizGapWidth','p6');
insert into moveablename(owner,string)values('HorizGapWidth','p7');
insert into moveablename(owner,string)values('VertGapWidth','p8');
insert into moveablename(owner,string)values('VertGapWidth','p9');
insert into moveablename(owner,string)values('HorizGapPosition','p6');
insert into moveablename(owner,string)values('HorizGapPosition','p7');
insert into moveablename(owner,string)values('VertGapPosition','p8');
insert into moveablename(owner,string)values('VertGapPosition','p9');

#table
insert into generic_oe(name) values('OneDegreeTable');
insert into dof_singleaxislinear(name,protectionLevel,reportingUnit)
   values('ZTranslate',0,'mm');
insert into dofname(owner,string)values('OneDegreeTable','ZTranslate');
insert into positioner_linear(name,motorName,stepsPerUnit,softLimitLow,softLimitHigh,pollTime)
   values('positioner01','test01Motor',1000,-10000,10000,100);
insert into moveablename(owner,string)values('OneDegreeTable','positioner01');
insert into moveablename(owner,string)values('ZTranslate','positioner01');

#beamstop
insert into generic_oe(name) values('Beamstop');
insert into positioner_linear(name,motorName,stepsPerUnit,softLimitLow,softLimitHigh,pollTime)
   values('positioner02','test02Motor',1000,-10000,10000,100);
insert into positioner_linear(name,motorName,stepsPerUnit,softLimitLow,softLimitHigh,pollTime)
   values('positioner03','test03Motor',1000,-10000,10000,100);
insert into dof_singleaxislinear(name,protectionLevel,reportingUnit)
   values('YBeamstop',0,'mm');
insert into dof_singleaxislinear(name,protectionLevel,reportingUnit)
   values('ZBeamstop',0,'mm');
insert into dofname(owner,string)values('Beamstop','YBeamstop');
insert into dofname(owner,string)values('Beamstop','ZBeamstop');
insert into moveablename(owner,string)values('Beamstop','positioner02');
insert into moveablename(owner,string)values('Beamstop','positioner03');
insert into moveablename(owner,string)values('YBeamstop','positioner02');
insert into moveablename(owner,string)values('ZBeamstop','positioner03');

#detector
insert into generic_oe(name) values('Detector');
insert into positioner_linear(name,motorName,stepsPerUnit,softLimitLow,softLimitHigh,pollTime)
   values('positioner04','test04Motor',1000,-10000,10000,100);
insert into positioner_linear(name,motorName,stepsPerUnit,softLimitLow,softLimitHigh,pollTime)
   values('positioner05','test05Motor',1000,-10000,10000,100);
insert into dof_singleaxislinear(name,protectionLevel,reportingUnit)
   values('YDetector',0,'mm');
insert into dof_singleaxislinear(name,protectionLevel,reportingUnit)
   values('ZDetector',0,'mm');
insert into dofname(owner,string)values('Detector','YDetector');
insert into dofname(owner,string)values('Detector','ZDetector');
insert into moveablename(owner,string)values('Detector','positioner04');
insert into moveablename(owner,string)values('Detector','positioner05');
insert into moveablename(owner,string)values('YDetector','positioner04');
insert into moveablename(owner,string)values('ZDetector','positioner05');

#four jaw slits
insert into generic_oe(name) values('Slits01');
insert into positioner_linear(name,motorName,stepsPerUnit,softLimitLow,softLimitHigh,pollTime)
   values('positioner6','test06Motor',1000,-10000,10000,100);
insert into positioner_linear(name,motorName,stepsPerUnit,softLimitLow,softLimitHigh,pollTime)
   values('positioner7','test07Motor',1000,-10000,10000,100);
insert into positioner_linear(name,motorName,stepsPerUnit,softLimitLow,softLimitHigh,pollTime)
   values('positioner8','test08Motor',1000,-10000,10000,100);
insert into positioner_linear(name,motorName,stepsPerUnit,softLimitLow,softLimitHigh,pollTime)
   values('positioner9','test09Motor',1000,-10000,10000,100);
insert into dof_singleaxislinear(name,protectionLevel,reportingUnit)
   values('JawLeft01',0,'mm');
insert into dof_singleaxislinear(name,protectionLevel,reportingUnit)
   values('JawRight01',0,'mm');
insert into dof_singleaxislinear(name,protectionLevel,reportingUnit)
   values('JawUpper01',0,'mm');
insert into dof_singleaxislinear(name,protectionLevel,reportingUnit)
   values('JawLower01',0,'mm');
insert into dof_doubleaxisgapwidth(name,protectionLevel,reportingUnit)
   values('HorizGapWidth01',0,'mm');
insert into dof_doubleaxisgapwidth(name,protectionLevel,reportingUnit)
   values('VertGapWidth01',0,'mm');
insert into dof_doubleaxisgapposition(name,protectionLevel,reportingUnit)
   values('HorizGapPosition01',0,'mm');
insert into dof_doubleaxisgapposition(name,protectionLevel,reportingUnit)
   values('VertGapPosition01',0,'mm');
insert into dofname(owner,string)values('Slits01','JawLeft01');
insert into dofname(owner,string)values('Slits01','JawRight01');
insert into dofname(owner,string)values('Slits01','JawUpper01');
insert into dofname(owner,string)values('Slits01','JawLower01');
insert into dofname(owner,string)values('Slits01','HorizGapWidth01');
insert into dofname(owner,string)values('Slits01','VertGapWidth01');
insert into dofname(owner,string)values('Slits01','HorizGapPosition01');
insert into dofname(owner,string)values('Slits01','VertGapPosition01');
insert into moveablename(owner,string)values('Slits01','positioner6');
insert into moveablename(owner,string)values('Slits01','positioner7');
insert into moveablename(owner,string)values('Slits01','positioner8');
insert into moveablename(owner,string)values('Slits01','positioner9');
insert into moveablename(owner,string)values('Slits01','positioner6');
insert into moveablename(owner,string)values('Slits01','positioner7');
insert into moveablename(owner,string)values('Slits01','positioner8');
insert into moveablename(owner,string)values('Slits01','positioner9');
insert into moveablename(owner,string)values('Slits01','positioner6');
insert into moveablename(owner,string)values('Slits01','positioner7');
insert into moveablename(owner,string)values('Slits01','positioner8');
insert into moveablename(owner,string)values('Slits01','positioner9');
insert into moveablename(owner,string)values('JawLeft01','positioner6');
insert into moveablename(owner,string)values('JawRight01','positioner7');
insert into moveablename(owner,string)values('JawUpper01','positioner8');
insert into moveablename(owner,string)values('JawLower01','positioner9');
insert into moveablename(owner,string)values('HorizGapWidth01','positioner6');
insert into moveablename(owner,string)values('HorizGapWidth01','positioner7');
insert into moveablename(owner,string)values('VertGapWidth01','positioner8');
insert into moveablename(owner,string)values('VertGapWidth01','positioner9');
insert into moveablename(owner,string)values('HorizGapPosition01','positioner6');
insert into moveablename(owner,string)values('HorizGapPosition01','positioner7');
insert into moveablename(owner,string)values('VertGapPosition01','positioner8');
insert into moveablename(owner,string)values('VertGapPosition01','positioner9');

#TwoPointFlatBendMirror
insert into generic_oe(name) values('Mirror01');
insert into positioner_linear(name,motorName,stepsPerUnit,softLimitLow,softLimitHigh,pollTime)
   values('positioner12','test12Motor',1000,-10000,10000,100);
insert into positioner_linear(name,motorName,stepsPerUnit,softLimitLow,softLimitHigh,pollTime)
   values('positioner13','test13Motor',1000,-10000,10000,100);
insert into positioner_linear(name,motorName,stepsPerUnit,softLimitLow,softLimitHigh,pollTime)
   values('positioner14','test14Motor',1000,-10000,10000,100);
insert into dof_singleaxislinear(name,protectionLevel,reportingUnit)
   values('JackBackMirror01',0,'mm');
insert into dof_singleaxislinear(name,protectionLevel,reportingUnit)
   values('JackFrontMirror01',0,'mm');
insert into dof_singleaxislinear(name,protectionLevel,reportingUnit)
   values('BendMirror01',0,'mm');
insert into dof_doubleaxislinear(name,protectionLevel,reportingUnit)
   values('VertMoveMirror01',0,'mm');
insert into dof_doubleaxisangular(name,protectionLevel,reportingUnit,axisOffset,centralOffset,separation)
   values('RotateMirrorMirror01',0,'mdeg',625.0,1,1250.0);
insert into dofname(owner,string)values('Mirror01','JackBackMirror01');
insert into dofname(owner,string)values('Mirror01','JackFrontMirror01');
insert into dofname(owner,string)values('Mirror01','BendMirror01');
insert into dofname(owner,string)values('Mirror01','VertMoveMirror01');
insert into dofname(owner,string)values('Mirror01','RotateMirrorMirror01');
insert into moveablename(owner,string)values('Mirror01','positioner12');
insert into moveablename(owner,string)values('Mirror01','positioner13');
insert into moveablename(owner,string)values('Mirror01','positioner14');
insert into moveablename(owner,string)values('JackBackMirror01','positioner12');
insert into moveablename(owner,string)values('JackFrontMirror01','positioner13');
insert into moveablename(owner,string)values('BendMirror01','positioner14');
insert into moveablename(owner,string)values('VertMoveMirror01','positioner12');
insert into moveablename(owner,string)values('VertMoveMirror01','positioner13');
insert into moveablename(owner,string)values('RotateMirrorMirror01','positioner12');
insert into moveablename(owner,string)values('RotateMirrorMirror01','positioner13');

#mono
insert into generic_oe(name) values('Mono');
insert into positioner_linear(name,motorName,stepsPerUnit,softLimitLow,softLimitHigh,pollTime)
   values('positioner15','test15Motor',1000,-10000,30000,100);
insert into positioner_linear(name,motorName,stepsPerUnit,softLimitLow,softLimitHigh,pollTime)
   values('positioner16','test16Motor',1000,-10000,30000,100);
insert into positioner_linear(name,motorName,stepsPerUnit,softLimitLow,softLimitHigh,pollTime)
   values('positioner17','test17Motor',1000,-10000,30000,100);
insert into positioner_linear(name,motorName,stepsPerUnit,softLimitLow,softLimitHigh,pollTime)
   values('positioner18','test18Motor',1000,-10000,30000,100);
insert into positioner_linear(name,motorName,stepsPerUnit,softLimitLow,softLimitHigh,pollTime)
   values('positioner19','test19Motor',1000,-10000,30000,100);
insert into positioner_linear(name,motorName,stepsPerUnit,softLimitLow,softLimitHigh,pollTime)
   values('positioner20','test20Motor',1000,-10000,30000,100);
insert into positioner_angular(name,motorName,stepsPerUnit,softLimitLow,softLimitHigh)
   values('positioner21','test21Motor',1000,-10000,30000);
insert into positioner_linear(name,motorName,stepsPerUnit,softLimitLow,softLimitHigh,pollTime)
   values('positioner22','test22Motor',1000,-10000,30000,100);
insert into dof_singleaxislinear(name,protectionLevel,reportingUnit)
   values('MonoX',0,'mm');
insert into dof_singleaxislinear(name,protectionLevel,reportingUnit)
   values('MonoZ',0,'mm');
insert into dof_singleaxislinear(name,protectionLevel,reportingUnit)
   values('Yaw',0,'mm');
insert into dof_singleaxislinear(name,protectionLevel,reportingUnit)
   values('Roll',0,'mm');
insert into dof_singleaxislinear(name,protectionLevel,reportingUnit)
   values('Pitch',0,'mm');
insert into dof_singleaxislinear(name,protectionLevel,reportingUnit)
   values('Bend',0,'mm');
insert into dof_singleaxisangular(name,protectionLevel,reportingUnit)
   values('Bragg',0,'mdeg');
insert into dof_singleaxislinear(name,protectionLevel,reportingUnit)
   values('Jack',0,'mm');
insert into dofname(owner,string)values('Mono','MonoX');
insert into dofname(owner,string)values('Mono','MonoZ');
insert into dofname(owner,string)values('Mono','Yaw');
insert into dofname(owner,string)values('Mono','Roll');
insert into dofname(owner,string)values('Mono','Pitch');
insert into dofname(owner,string)values('Mono','Bend');
insert into dofname(owner,string)values('Mono','Bragg');
insert into dofname(owner,string)values('Mono','Jack');
insert into moveablename(owner,string)values('Mono','positioner15');
insert into moveablename(owner,string)values('Mono','positioner16');
insert into moveablename(owner,string)values('Mono','positioner17');
insert into moveablename(owner,string)values('Mono','positioner18');
insert into moveablename(owner,string)values('Mono','positioner19');
insert into moveablename(owner,string)values('Mono','positioner20');
insert into moveablename(owner,string)values('Mono','positioner21');
insert into moveablename(owner,string)values('Mono','positioner22');
insert into moveablename(owner,string)values('MonoX','positioner15');
insert into moveablename(owner,string)values('MonoZ','positioner16');
insert into moveablename(owner,string)values('Yaw','positioner17');
insert into moveablename(owner,string)values('Roll','positioner18');
insert into moveablename(owner,string)values('Pitch','positioner19');
insert into moveablename(owner,string)values('Bend','positioner20');
insert into moveablename(owner,string)values('Bragg','positioner21');
insert into moveablename(owner,string)values('Jack','positioner22');
insert into dof_mono(name,protectionLevel,reportingUnit,twoD)
   values('Wavelength',0,'mm',6.271);
insert into dof_coupled(name,protectionLevel,reportingUnit)
   values('DynamicFocus',0,'mdeg');
insert into dof_coupled(name,protectionLevel,reportingUnit)
   values('MonoPlusXtrans',0,'mdeg');
insert into dof_coupled(name,protectionLevel,reportingUnit)
   values('DFPlusXtrans',0,'mdeg');
insert into dofname(owner,string)values('Mono','Wavelength');
insert into dofname(owner,string)values('Mono','DynamicFocus');
insert into dofname(owner,string)values('Mono','MonoPlusXtrans');
insert into dofname(owner,string)values('Mono','DFPlusXtrans');
insert into moveablename(owner,string)values('Wavelength','positioner21');
insert into moveablename(owner,string)values('DynamicFocus','Bragg');
insert into moveablename(owner,string)values('DynamicFocus','Bend');
insert into moveablename(owner,string)values('MonoPlusXtrans','Bragg');
insert into moveablename(owner,string)values('MonoPlusXtrans','MonoX');
insert into moveablename(owner,string)values('DFPlusXtrans','Bragg');
insert into moveablename(owner,string)values('DFPlusXtrans','Bend');
insert into moveablename(owner,string)values('DFPlusXtrans','MonoX');
insert into function_identity(name)
   values('identity1');
insert into stringholder(owner,string)values('DynamicFocus','identity1');
insert into stringholder(owner,string)values('MonoPlusXtrans','identity1');
insert into stringholder(owner,string)values('DFPlusXtrans','identity1');
insert into function_linear(name,slopeDividend,slopeDivisor,interception)
   values('BendForBragg','0.05 mm','1.0 mdeg','700.0 mm');
insert into stringholder(owner,string)values('DynamicFocus','BendForBragg');
insert into stringholder(owner,string)values('DFPlusXtrans','BendForBragg');
insert into function_linear(name,slopeDividend,slopeDivisor,interception)
   values('XTransForBragg','0.05 mm','1.0 mdeg','10.0 mm');
insert into stringholder(owner,string)values('MonoPlusXtrans','XTransForBragg');
insert into stringholder(owner,string)values('DFPlusXtrans','XTransForBragg');

#StationaryGangedJawCollimator
insert into generic_oe(name) values('Collimator');
insert into positioner_linear(name,motorName,stepsPerUnit,softLimitLow,softLimitHigh,pollTime)
   values('positioner23','test23Motor',1000,-10000,10000,100);
insert into positioner_linear(name,motorName,stepsPerUnit,softLimitLow,softLimitHigh,pollTime)
   values('positioner24','test24Motor',1000,-10000,10000,100);
insert into positioner_linear(name,motorName,stepsPerUnit,softLimitLow,softLimitHigh,pollTime)
   values('positioner25','test25Motor',1000,-10000,10000,100);
insert into positioner_linear(name,motorName,stepsPerUnit,softLimitLow,softLimitHigh,pollTime)
   values('positioner26','test26Motor',1000,-10000,10000,100);
insert into dof_singleaxislinear(name,protectionLevel,reportingUnit)
   values('CollFrontHoriz',0,'mm');
insert into dof_singleaxislinear(name,protectionLevel,reportingUnit)
   values('CollFrontVert',0,'mm');
insert into dof_singleaxislinear(name,protectionLevel,reportingUnit)
   values('CollBackHoriz',0,'mm');
insert into dof_singleaxislinear(name,protectionLevel,reportingUnit)
   values('CollBackVert',0,'mm');
insert into dofname(owner,string)values('Collimator','CollFrontHoriz');
insert into dofname(owner,string)values('Collimator','CollFrontVert');
insert into dofname(owner,string)values('Collimator','CollBackHoriz');
insert into dofname(owner,string)values('Collimator','CollBackVert');
insert into moveablename(owner,string)values('Collimator','positioner23');
insert into moveablename(owner,string)values('Collimator','positioner24');
insert into moveablename(owner,string)values('Collimator','positioner25');
insert into moveablename(owner,string)values('Collimator','positioner26');
insert into moveablename(owner,string)values('CollFrontHoriz','positioner23');
insert into moveablename(owner,string)values('CollFrontVert','positioner24');
insert into moveablename(owner,string)values('CollBackHoriz','positioner25');
insert into moveablename(owner,string)values('CollBackVert','positioner26');

#PlaneMirror or DoubleLinearAxisMirror (use LinearPositioners)
insert into generic_oe(name) values('PlaneMirror');
insert into positioner_angular(name,motorName,stepsPerUnit,softLimitLow,softLimitHigh,pollTime)
   values('positioner27','test27Motor',1000,-10000,10000,100);
insert into positioner_angular(name,motorName,stepsPerUnit,softLimitLow,softLimitHigh,pollTime)
   values('positioner28','test28Motor',1000,-10000,10000,100);
insert into dof_singleaxisangular(name,protectionLevel,reportingUnit)
   values('MirrorRoll',0,'mdeg');
insert into dof_singleaxisangular(name,protectionLevel,reportingUnit)
   values('MirrorTilt',0,'mdeg');
insert into dofname(owner,string)values('PlaneMirror','MirrorRoll');
insert into dofname(owner,string)values('PlaneMirror','MirrorTilt');
insert into moveablename(owner,string)values('PlaneMirror','positioner27');
insert into moveablename(owner,string)values('PlaneMirror','positioner28');
insert into moveablename(owner,string)values('MirrorRoll','positioner27');
insert into moveablename(owner,string)values('MirrorTilt','positioner28');

